date,usdjpy-rate
2002/01/06,130.97
2002/01/12,130.97
2002/01/13,131.10
2002/01/19,131.10
2002/01/20,132.03
2002/01/26,132.03
2002/01/27,132.01
2002/02/02,132.01
2002/02/03,133.73
2002/02/09,133.73
2002/02/10,133.39
2002/02/16,133.39
2002/02/17,133.48
2002/02/23,133.48
2002/02/24,132.91
2002/03/02,132.91
2002/03/03,133.48
2002/03/09,133.48
2002/03/10,133.93
2002/03/16,133.93
2002/03/17,130.95
2002/03/23,130.95
2002/03/24,128.99
2002/03/30,128.99
2002/03/31,131.55
2002/04/06,131.55
2002/04/07,132.89
2002/04/13,132.89
2002/04/14,132.82
2002/04/20,132.82
2002/04/21,131.41
2002/04/27,131.41
2002/04/28,130.97
2002/05/04,130.97
2002/05/05,129.70
2002/05/11,129.70
2002/05/12,127.88
2002/05/18,127.88
2002/05/19,128.08
2002/05/25,128.08
2002/05/26,127.86
2002/06/01,127.86
2002/06/02,125.21
2002/06/08,125.21
2002/06/09,124.57
2002/06/15,124.57
2002/06/16,124.27
2002/06/22,124.27
2002/06/23,125.09
2002/06/29,125.09
2002/06/30,124.06
2002/07/06,124.06
2002/07/07,120.97
2002/07/13,120.97
2002/07/14,120.06
2002/07/20,120.06
2002/07/21,118.15
2002/07/27,118.15
2002/07/28,116.20
2002/08/03,116.20
2002/08/04,116.87
2002/08/10,116.87
2002/08/11,119.57
2002/08/17,119.57
2002/08/18,120.13
2002/08/24,120.13
2002/08/25,118.20
2002/08/31,118.20
2002/09/01,118.81
2002/09/07,118.81
2002/09/08,118.75
2002/09/14,118.75
2002/09/15,118.11
2002/09/21,118.11
2002/09/22,119.37
2002/09/28,119.37
2002/09/29,122.28
2002/10/05,122.28
2002/10/06,122.86
2002/10/12,122.86
2002/10/13,122.46
2002/10/19,122.46
2002/10/20,123.88
2002/10/26,123.88
2002/10/27,124.66
2002/11/02,124.66
2002/11/03,124.50
2002/11/09,124.50
2002/11/10,123.27
2002/11/16,123.27
2002/11/17,121.68
2002/11/23,121.68
2002/11/24,120.01
2002/11/30,120.01
2002/12/01,121.88
2002/12/07,121.88
2002/12/08,122.19
2002/12/14,122.19
2002/12/15,124.63
2002/12/21,124.63
2002/12/22,123.33
2002/12/28,123.33
2002/12/29,120.93
2003/01/04,120.93
2003/01/05,120.35
2003/01/11,120.35
2003/01/12,119.90
2003/01/18,119.90
2003/01/19,119.47
2003/01/25,119.47
2003/01/26,118.29
2003/02/01,118.29
2003/02/02,118.37
2003/02/08,118.37
2003/02/09,118.42
2003/02/15,118.42
2003/02/16,119.95
2003/02/22,119.95
2003/02/23,120.64
2003/03/01,120.64
2003/03/02,119.21
2003/03/08,119.21
2003/03/09,117.56
2003/03/15,117.56
2003/03/16,117.57
2003/03/22,117.57
2003/03/23,117.47
2003/03/29,117.47
2003/03/30,118.81
2003/04/05,118.81
2003/04/06,120.15
2003/04/12,120.15
2003/04/13,118.99
2003/04/19,118.99
2003/04/20,120.08
2003/04/26,120.08
2003/04/27,119.98
2003/05/03,119.98
2003/05/04,120.17
2003/05/10,120.17
2003/05/11,119.28
2003/05/17,119.28
2003/05/18,117.50
2003/05/24,117.50
2003/05/25,116.61
2003/05/31,116.61
2003/06/01,116.79
2003/06/07,116.79
2003/06/08,117.62
2003/06/14,117.62
2003/06/15,118.48
2003/06/21,118.48
2003/06/22,117.97
2003/06/28,117.97
2003/06/29,118.06
2003/07/05,118.06
2003/07/06,118.23
2003/07/12,118.23
2003/07/13,119.07
2003/07/19,119.07
2003/07/20,118.07
2003/07/26,118.07
2003/07/27,118.16
2003/08/02,118.16
2003/08/03,119.05
2003/08/09,119.05
2003/08/10,119.76
2003/08/16,119.76
2003/08/17,119.88
2003/08/23,119.88
2003/08/24,119.00
2003/08/30,119.00
2003/08/31,118.66
2003/09/06,118.66
2003/09/07,117.45
2003/09/13,117.45
2003/09/14,116.65
2003/09/20,116.65
2003/09/21,117.00
2003/09/27,117.00
2003/09/28,116.21
2003/10/04,116.21
2003/10/05,112.06
2003/10/11,112.06
2003/10/12,111.12
2003/10/18,111.12
2003/10/19,109.99
2003/10/25,109.99
2003/10/26,109.44
2003/11/01,109.44
2003/11/02,109.54
2003/11/08,109.54
2003/11/09,108.45
2003/11/15,108.45
2003/11/16,110.01
2003/11/22,110.01
2003/11/23,108.70
2003/11/29,108.70
2003/11/30,108.91
2003/12/06,108.91
2003/12/07,109.37
2003/12/13,109.37
2003/12/14,108.88
2003/12/20,108.88
2003/12/21,107.93
2003/12/27,107.93
2003/12/28,107.67
2004/01/03,107.67
2004/01/04,107.44
2004/01/10,107.44
2004/01/11,107.07
2004/01/17,107.07
2004/01/18,106.62
2004/01/24,106.62
2004/01/25,106.28
2004/01/31,106.28
2004/02/01,106.86
2004/02/07,106.86
2004/02/08,106.13
2004/02/14,106.13
2004/02/15,105.64
2004/02/21,105.64
2004/02/22,105.47
2004/02/28,105.47
2004/02/29,106.16
2004/03/06,106.16
2004/03/07,108.71
2004/03/13,108.71
2004/03/14,109.97
2004/03/20,109.97
2004/03/21,111.28
2004/03/27,111.28
2004/03/28,108.73
2004/04/03,108.73
2004/04/04,106.59
2004/04/10,106.59
2004/04/11,104.74
2004/04/17,104.74
2004/04/18,105.50
2004/04/24,105.50
2004/04/25,107.17
2004/05/01,107.17
2004/05/02,108.78
2004/05/08,108.78
2004/05/09,109.24
2004/05/15,109.24
2004/05/16,109.64
2004/05/22,109.64
2004/05/23,113.43
2004/05/29,113.43
2004/05/30,113.45
2004/06/05,113.45
2004/06/06,111.84
2004/06/12,111.84
2004/06/13,110.36
2004/06/19,110.36
2004/06/20,109.84
2004/06/26,109.84
2004/06/27,110.15
2004/07/03,110.15
2004/07/04,108.29
2004/07/10,108.29
2004/07/11,108.35
2004/07/17,108.35
2004/07/18,108.78
2004/07/24,108.78
2004/07/25,108.94
2004/07/31,108.94
2004/08/01,109.15
2004/08/07,109.15
2004/08/08,110.85
2004/08/14,110.85
2004/08/15,111.18
2004/08/21,111.18
2004/08/22,110.88
2004/08/28,110.88
2004/08/29,109.94
2004/09/04,109.94
2004/09/05,109.59
2004/09/11,109.59
2004/09/12,109.64
2004/09/18,109.64
2004/09/19,109.81
2004/09/25,109.81
2004/09/26,109.71
2004/10/02,109.71
2004/10/03,110.12
2004/10/09,110.12
2004/10/10,110.80
2004/10/16,110.80
2004/10/17,110.86
2004/10/23,110.86
2004/10/24,109.63
2004/10/30,109.63
2004/10/31,108.54
2004/11/06,108.54
2004/11/07,106.57
2004/11/13,106.57
2004/11/14,106.25
2004/11/20,106.25
2004/11/21,106.11
2004/11/27,106.11
2004/11/28,104.87
2004/12/04,104.87
2004/12/05,102.99
2004/12/11,102.99
2004/12/12,102.92
2004/12/18,102.92
2004/12/19,103.53
2004/12/25,103.53
2004/12/26,104.73
2005/01/01,104.73
2005/01/02,104.06
2005/01/08,104.06
2005/01/09,103.64
2005/01/15,103.64
2005/01/16,103.93
2005/01/22,103.93
2005/01/23,103.23
2005/01/29,103.23
2005/01/30,102.64
2005/02/05,102.64
2005/02/06,103.11
2005/02/12,103.11
2005/02/13,103.92
2005/02/19,103.92
2005/02/20,105.18
2005/02/26,105.18
2005/02/27,105.18
2005/03/05,105.18
2005/03/06,105.08
2005/03/12,105.08
2005/03/13,104.84
2005/03/19,104.84
2005/03/20,104.54
2005/03/26,104.54
2005/03/27,104.55
2005/04/02,104.55
2005/04/03,105.79
2005/04/09,105.79
2005/04/10,107.24
2005/04/16,107.24
2005/04/17,108.25
2005/04/23,108.25
2005/04/24,107.90
2005/04/30,107.90
2005/05/01,107.07
2005/05/07,107.07
2005/05/08,105.92
2005/05/14,105.92
2005/05/15,104.98
2005/05/21,104.98
2005/05/22,105.88
2005/05/28,105.88
2005/05/29,107.39
2005/06/04,107.39
2005/06/05,107.80
2005/06/11,107.80
2005/06/12,108.16
2005/06/18,108.16
2005/06/19,107.22
2005/06/25,107.22
2005/06/26,109.08
2005/07/02,109.08
2005/07/03,108.82
2005/07/09,108.82
2005/07/10,110.11
2005/07/16,110.11
2005/07/17,111.87
2005/07/23,111.87
2005/07/24,111.74
2005/07/30,111.74
2005/07/31,112.19
2005/08/06,112.19
2005/08/07,112.17
2005/08/13,112.17
2005/08/14,111.72
2005/08/20,111.72
2005/08/21,111.11
2005/08/27,111.11
2005/08/28,109.80
2005/09/03,109.80
2005/09/04,110.17
2005/09/10,110.17
2005/09/11,110.65
2005/09/17,110.65
2005/09/18,109.86
2005/09/24,109.86
2005/09/25,110.39
2005/10/01,110.39
2005/10/02,111.65
2005/10/08,111.65
2005/10/09,112.85
2005/10/15,112.85
2005/10/16,113.88
2005/10/22,113.88
2005/10/23,114.50
2005/10/29,114.50
2005/10/30,115.16
2005/11/05,115.16
2005/11/06,115.49
2005/11/12,115.49
2005/11/13,116.63
2005/11/19,116.63
2005/11/20,117.71
2005/11/26,117.71
2005/11/27,118.77
2005/12/03,118.77
2005/12/04,119.07
2005/12/10,119.07
2005/12/11,119.80
2005/12/17,119.80
2005/12/18,120.92
2005/12/24,120.92
2005/12/25,118.50
2005/12/31,118.50
2006/01/01,116.78
2006/01/07,116.78
2006/01/08,117.37
2006/01/14,117.37
2006/01/15,116.08
2006/01/21,116.08
2006/01/22,114.48
2006/01/28,114.48
2006/01/29,115.16
2006/02/04,115.16
2006/02/05,115.31
2006/02/11,115.31
2006/02/12,117.80
2006/02/18,117.80
2006/02/19,118.53
2006/02/25,118.53
2006/02/26,117.76
2006/03/04,117.76
2006/03/05,117.95
2006/03/11,117.95
2006/03/12,116.20
2006/03/18,116.20
2006/03/19,117.68
2006/03/25,117.68
2006/03/26,117.85
2006/04/01,117.85
2006/04/02,117.07
2006/04/08,117.07
2006/04/09,117.30
2006/04/15,117.30
2006/04/16,117.58
2006/04/22,117.58
2006/04/23,118.32
2006/04/29,118.32
2006/04/30,117.66
2006/05/06,117.66
2006/05/07,114.86
2006/05/13,114.86
2006/05/14,113.38
2006/05/20,113.38
2006/05/21,111.09
2006/05/27,111.09
2006/05/28,110.12
2006/06/03,110.12
2006/06/04,112.02
2006/06/10,112.02
2006/06/11,112.47
2006/06/17,112.47
2006/06/18,112.94
2006/06/24,112.94
2006/06/25,114.68
2006/07/01,114.68
2006/07/02,115.25
2006/07/08,115.25
2006/07/09,116.06
2006/07/15,116.06
2006/07/16,114.94
2006/07/22,114.94
2006/07/23,114.68
2006/07/29,114.68
2006/07/30,116.99
2006/08/05,116.99
2006/08/06,116.52
2006/08/12,116.52
2006/08/13,114.76
2006/08/19,114.76
2006/08/20,115.21
2006/08/26,115.21
2006/08/27,116.10
2006/09/02,116.10
2006/09/03,116.27
2006/09/09,116.27
2006/09/10,117.12
2006/09/16,117.12
2006/09/17,116.32
2006/09/23,116.32
2006/09/24,117.51
2006/09/30,117.51
2006/10/01,117.18
2006/10/07,117.18
2006/10/08,117.00
2006/10/14,117.00
2006/10/15,117.93
2006/10/21,117.93
2006/10/22,119.42
2006/10/28,119.42
2006/10/29,118.95
2006/11/04,118.95
2006/11/05,118.94
2006/11/11,118.94
2006/11/12,117.32
2006/11/18,117.32
2006/11/19,117.88
2006/11/25,117.88
2006/11/26,117.83
2006/12/02,117.83
2006/12/03,117.57
2006/12/09,117.57
2006/12/10,115.93
2006/12/16,115.93
2006/12/17,115.23
2006/12/23,115.23
2006/12/24,117.20
2006/12/30,117.20
2006/12/31,118.19
2007/01/06,118.19
2007/01/07,118.92
2007/01/13,118.92
2007/01/14,118.87
2007/01/20,118.87
2007/01/21,119.63
2007/01/27,119.63
2007/01/28,120.71
2007/02/03,120.71
2007/02/04,121.19
2007/02/10,121.19
2007/02/11,121.36
2007/02/17,121.36
2007/02/18,120.65
2007/02/24,120.65
2007/02/25,120.55
2007/03/03,120.55
2007/03/04,120.39
2007/03/10,120.39
2007/03/11,119.11
2007/03/17,119.11
2007/03/18,116.34
2007/03/24,116.34
2007/03/25,117.25
2007/03/31,117.25
2007/04/01,117.64
2007/04/07,117.64
2007/04/08,117.67
2007/04/14,117.67
2007/04/15,118.41
2007/04/21,118.41
2007/04/22,119.16
2007/04/28,119.16
2007/04/29,118.95
2007/05/05,118.95
2007/05/06,118.81
2007/05/12,118.81
2007/05/13,119.72
2007/05/19,119.72
2007/05/20,119.90
2007/05/26,119.90
2007/05/27,120.58
2007/06/02,120.58
2007/06/03,121.43
2007/06/09,121.43
2007/06/10,121.65
2007/06/16,121.65
2007/06/17,121.44
2007/06/23,121.44
2007/06/24,122.26
2007/06/30,122.26
2007/07/01,123.61
2007/07/07,123.61
2007/07/08,123.30
2007/07/14,123.30
2007/07/15,122.70
2007/07/21,122.70
2007/07/22,122.67
2007/07/28,122.67
2007/07/29,122.01
2007/08/04,122.01
2007/08/05,120.20
2007/08/11,120.20
2007/08/12,118.80
2007/08/18,118.80
2007/08/19,118.56
2007/08/25,118.56
2007/08/26,116.39
2007/09/01,116.39
2007/09/02,115.11
2007/09/08,115.11
2007/09/09,115.56
2007/09/15,115.56
2007/09/16,115.65
2007/09/22,115.65
2007/09/23,114.04
2007/09/29,114.04
2007/09/30,115.42
2007/10/06,115.42
2007/10/07,115.03
2007/10/13,115.03
2007/10/14,115.88
2007/10/20,115.88
2007/10/21,117.22
2007/10/27,117.22
2007/10/28,116.62
2007/11/03,116.62
2007/11/04,114.30
2007/11/10,114.30
2007/11/11,114.68
2007/11/17,114.68
2007/11/18,113.67
2007/11/24,113.67
2007/11/25,110.57
2007/12/01,110.57
2007/12/02,109.68
2007/12/08,109.68
2007/12/09,109.11
2007/12/15,109.11
2007/12/16,110.67
2007/12/22,110.67
2007/12/23,111.77
2007/12/29,111.77
2007/12/30,113.15
2008/01/05,113.15
2008/01/06,114.13
2008/01/12,114.13
2008/01/13,109.15
2008/01/19,109.15
2008/01/20,109.50
2008/01/26,109.50
2008/01/27,107.18
2008/02/02,107.18
2008/02/03,106.67
2008/02/09,106.67
2008/02/10,106.63
2008/02/16,106.63
2008/02/17,106.75
2008/02/23,106.75
2008/02/24,107.55
2008/03/01,107.55
2008/03/02,107.90
2008/03/08,107.90
2008/03/09,106.69
2008/03/15,106.69
2008/03/16,103.29
2008/03/22,103.29
2008/03/23,101.45
2008/03/29,101.45
2008/03/30,98.33
2008/04/05,98.33
2008/04/06,99.74
2008/04/12,99.74
2008/04/13,101.39
2008/04/19,101.39
2008/04/20,102.01
2008/04/26,102.01
2008/04/27,101.79
2008/05/03,101.79
2008/05/04,103.53
2008/05/10,103.53
2008/05/11,104.28
2008/05/17,104.28
2008/05/18,104.39
2008/05/24,104.39
2008/05/25,104.32
2008/05/31,104.32
2008/06/01,103.69
2008/06/07,103.69
2008/06/08,104.24
2008/06/14,104.24
2008/06/15,105.27
2008/06/21,105.27
2008/06/22,106.91
2008/06/28,106.91
2008/06/29,107.91
2008/07/05,107.91
2008/07/06,107.63
2008/07/12,107.63
2008/07/13,106.27
2008/07/19,106.27
2008/07/20,107.15
2008/07/26,107.15
2008/07/27,105.74
2008/08/02,105.74
2008/08/03,107.25
2008/08/09,107.25
2008/08/10,107.82
2008/08/16,107.82
2008/08/17,108.63
2008/08/23,108.63
2008/08/24,109.72
2008/08/30,109.72
2008/08/31,109.68
2008/09/06,109.68
2008/09/07,109.42
2008/09/13,109.42
2008/09/14,108.10
2008/09/20,108.10
2008/09/21,107.54
2008/09/27,107.54
2008/09/28,105.51
2008/10/04,105.51
2008/10/05,105.93
2008/10/11,105.93
2008/10/12,105.55
2008/10/18,105.55
2008/10/19,101.21
2008/10/25,101.21
2008/10/26,101.50
2008/11/01,101.50
2008/11/02,99.33
2008/11/08,99.33
2008/11/09,96.38
2008/11/15,96.38
2008/11/16,98.51
2008/11/22,98.51
2008/11/23,97.45
2008/11/29,97.45
2008/11/30,95.87
2008/12/06,95.87
2008/12/07,95.50
2008/12/13,95.50
2008/12/14,93.45
2008/12/20,93.45
2008/12/21,91.98
2008/12/27,91.98
2008/12/28,89.44
2009/01/03,89.44
2009/01/04,90.28
2009/01/10,90.28
2009/01/11,90.65
2009/01/17,90.65
2009/01/18,92.59
2009/01/24,92.59
2009/01/25,89.61
2009/01/31,89.61
2009/02/01,89.81
2009/02/07,89.81
2009/02/08,89.49
2009/02/14,89.49
2009/02/15,89.83
2009/02/21,89.83
2009/02/22,90.99
2009/02/28,90.99
2009/03/01,92.81
2009/03/07,92.81
2009/03/08,96.07
2009/03/14,96.07
2009/03/15,98.16
2009/03/21,98.16
2009/03/22,97.92
2009/03/28,97.92
2009/03/29,97.64
2009/04/04,97.64
2009/04/05,97.62
2009/04/11,97.62
2009/04/12,98.77
2009/04/18,98.77
2009/04/19,100.45
2009/04/25,100.45
2009/04/26,99.64
2009/05/02,99.64
2009/05/03,98.14
2009/05/09,98.14
2009/05/10,97.35
2009/05/16,97.35
2009/05/17,99.00
2009/05/23,99.00
2009/05/24,96.71
2009/05/30,96.71
2009/05/31,95.16
2009/06/06,95.16
2009/06/07,95.41
2009/06/13,95.41
2009/06/14,95.95
2009/06/20,95.95
2009/06/21,97.98
2009/06/27,97.98
2009/06/28,96.77
2009/07/04,96.77
2009/07/05,95.71
2009/07/11,95.71
2009/07/12,96.10
2009/07/18,96.10
2009/07/19,94.34
2009/07/25,94.34
2009/07/26,93.44
2009/08/01,93.44
2009/08/02,94.10
2009/08/08,94.10
2009/08/09,94.89
2009/08/15,94.89
2009/08/16,95.10
2009/08/22,95.10
2009/08/23,96.17
2009/08/29,96.17
2009/08/30,94.45
2009/09/05,94.45
2009/09/06,94.06
2009/09/12,94.06
2009/09/13,92.71
2009/09/19,92.71
2009/09/20,92.40
2009/09/26,92.40
2009/09/27,90.95
2009/10/03,90.95
2009/10/04,90.99
2009/10/10,90.99
2009/10/11,89.62
2009/10/17,89.62
2009/10/18,89.09
2009/10/24,89.09
2009/10/25,89.91
2009/10/31,89.91
2009/11/01,90.98
2009/11/07,90.98
2009/11/08,91.35
2009/11/14,91.35
2009/11/15,90.34
2009/11/21,90.34
2009/11/22,89.97
2009/11/28,89.97
2009/11/29,89.22
2009/12/05,89.22
2009/12/06,87.65
2009/12/12,87.65
2009/12/13,87.31
2009/12/19,87.31
2009/12/20,88.80
2009/12/26,88.80
2009/12/27,89.31
2010/01/02,89.31
2010/01/03,91.22
2010/01/09,91.22
2010/01/10,91.78
2010/01/16,91.78
2010/01/17,92.38
2010/01/23,92.38
2010/01/24,91.56
2010/01/30,91.56
2010/01/31,90.81
2010/02/06,90.81
2010/02/07,89.97
2010/02/13,89.97
2010/02/14,90.40
2010/02/20,90.40
2010/02/21,89.57
2010/02/27,89.57
2010/02/28,90.65
2010/03/06,90.65
2010/03/07,90.37
2010/03/13,90.37
2010/03/14,88.94
2010/03/20,88.94
2010/03/21,90.31
2010/03/27,90.31
2010/03/28,90.40
2010/04/03,90.40
2010/04/04,91.27
2010/04/10,91.27
2010/04/11,93.05
2010/04/17,93.05
2010/04/18,93.83
2010/04/24,93.83
2010/04/25,93.05
2010/05/01,93.05
2010/05/02,92.82
2010/05/08,92.82
2010/05/09,93.81
2010/05/15,93.81
2010/05/16,92.83
2010/05/22,92.83
2010/05/23,92.83
2010/05/29,92.83
2010/05/30,91.67
2010/06/05,91.67
2010/06/06,90.38
2010/06/12,90.38
2010/06/13,91.76
2010/06/19,91.76
2010/06/20,91.46
2010/06/26,91.46
2010/06/27,91.42
2010/07/03,91.42
2010/07/04,90.36
2010/07/10,90.36
2010/07/11,88.63
2010/07/17,88.63
2010/07/18,87.96
2010/07/24,87.96
2010/07/25,88.43
2010/07/31,88.43
2010/08/01,86.91
2010/08/07,86.91
2010/08/08,87.19
2010/08/14,87.19
2010/08/15,86.14
2010/08/21,86.14
2010/08/22,85.61
2010/08/28,85.61
2010/08/29,85.54
2010/09/04,85.54
2010/09/05,84.77
2010/09/11,84.77
2010/09/12,84.61
2010/09/18,84.61
2010/09/19,84.05
2010/09/25,84.05
2010/09/26,84.75
2010/10/02,84.75
2010/10/03,84.98
2010/10/09,84.98
2010/10/10,83.86
2010/10/16,83.86
2010/10/17,83.13
2010/10/23,83.13
2010/10/24,81.63
2010/10/30,81.63
2010/10/31,81.25
2010/11/06,81.25
2010/11/07,81.08
2010/11/13,81.08
2010/11/14,80.71
2010/11/20,80.71
2010/11/21,81.71
2010/11/27,81.71
2010/11/28,83.19
2010/12/04,83.19
2010/12/05,83.48
2010/12/11,83.48
2010/12/12,83.94
2010/12/18,83.94
2010/12/19,83.39
2010/12/25,83.39
2010/12/26,83.92
2011/01/01,83.92
2011/01/02,83.58
2011/01/08,83.58
2011/01/09,82.30
2011/01/15,82.30
2011/01/16,82.67
2011/01/22,82.67
2011/01/23,83.06
2011/01/29,83.06
2011/01/30,82.56
2011/02/05,82.56
2011/02/06,82.42
2011/02/12,82.42
2011/02/13,81.76
2011/02/19,81.76
2011/02/20,82.35
2011/02/26,82.35
2011/02/27,83.42
2011/03/05,83.42
2011/03/06,82.63
2011/03/12,82.63
2011/03/13,81.95
2011/03/19,81.95
2011/03/20,82.62
2011/03/26,82.62
2011/03/27,81.08
2011/04/02,81.08
2011/04/03,80.98
2011/04/09,80.98
2011/04/10,82.50
2011/04/16,82.50
2011/04/17,84.84
2011/04/23,84.84
2011/04/24,83.94
2011/04/30,83.94
2011/05/01,82.41
2011/05/07,82.41
2011/05/08,81.88
2011/05/14,81.88
2011/05/15,81.00
2011/05/21,81.00
2011/05/22,80.77
2011/05/28,80.77
2011/05/29,81.43
2011/06/04,81.43
2011/06/05,81.76
2011/06/11,81.76
2011/06/12,80.92
2011/06/18,80.92
2011/06/19,80.11
2011/06/25,80.11
2011/06/26,80.57
2011/07/02,80.57
2011/07/03,80.33
2011/07/09,80.33
2011/07/10,80.82
2011/07/16,80.82
2011/07/17,80.93
2011/07/23,80.93
2011/07/24,79.70
2011/07/30,79.70
2011/07/31,78.90
2011/08/06,78.90
2011/08/07,77.94
2011/08/13,77.94
2011/08/14,78.25
2011/08/20,78.25
2011/08/21,77.22
2011/08/27,77.22
2011/08/28,76.75
2011/09/03,76.75
2011/09/04,76.95
2011/09/10,76.95
2011/09/11,76.81
2011/09/17,76.81
2011/09/18,77.14
2011/09/24,77.14
2011/09/25,77.00
2011/10/01,77.00
2011/10/02,76.55
2011/10/08,76.55
2011/10/09,76.52
2011/10/15,76.52
2011/10/16,76.77
2011/10/22,76.77
2011/10/23,76.86
2011/10/29,76.86
2011/10/30,76.89
2011/11/05,76.89
2011/11/06,76.10
2011/11/12,76.10
2011/11/13,78.38
2011/11/19,78.38
2011/11/20,77.82
2011/11/26,77.82
2011/11/27,77.07
2011/12/03,77.07
2011/12/04,77.06
2011/12/10,77.06
2011/12/11,77.87
2011/12/17,77.87
2011/12/18,77.77
2011/12/24,77.77
2011/12/25,77.90
2011/12/31,77.90
2012/01/01,77.97
2012/01/07,77.97
2012/01/08,77.84
2012/01/14,77.84
2012/01/15,76.86
2012/01/21,76.86
2012/01/22,76.87
2012/01/28,76.87
2012/01/29,76.85
2012/02/04,76.85
2012/02/05,77.42
2012/02/11,77.42
2012/02/12,76.31
2012/02/18,76.31
2012/02/19,77.04
2012/02/25,77.04
2012/02/26,78.31
2012/03/03,78.31
2012/03/04,80.01
2012/03/10,80.01
2012/03/11,80.95
2012/03/17,80.95
2012/03/18,81.33
2012/03/24,81.33
2012/03/25,83.05
2012/03/31,83.05
2012/04/01,83.30
2012/04/07,83.30
2012/04/08,82.67
2012/04/14,82.67
2012/04/15,82.44
2012/04/21,82.44
2012/04/22,81.19
2012/04/27,81.19
2012/04/29,81.09
2012/05/05,81.09
2012/05/06,81.24
2012/05/12,81.24
2012/05/13,80.05
2012/05/19,80.05
2012/05/20,79.84
2012/05/26,79.84
2012/05/27,80.00
2012/06/02,80.00
2012/06/03,79.44
2012/06/09,79.44
2012/06/10,79.18
2012/06/16,79.18
2012/06/17,78.86
2012/06/23,78.86
2012/06/24,79.48
2012/06/30,79.48
2012/07/01,79.43
2012/07/07,79.43
2012/07/08,79.64
2012/07/14,79.64
2012/07/15,79.79
2012/07/21,79.79
2012/07/22,79.50
2012/07/28,79.50
2012/07/29,78.83
2012/08/04,78.83
2012/08/05,78.23
2012/08/11,78.23
2012/08/12,78.23
2012/08/18,78.23
2012/08/19,78.48
2012/08/25,78.48
2012/08/26,78.79
2012/09/01,78.79
2012/09/02,79.06
2012/09/08,79.06
2012/09/09,78.61
2012/09/15,78.61
2012/09/16,78.50
2012/09/22,78.50
2012/09/23,77.95
2012/09/29,77.95
2012/09/30,78.55
2012/10/06,78.55
2012/10/07,77.78
2012/10/13,77.78
2012/10/14,78.27
2012/10/20,78.27
2012/10/21,78.26
2012/10/27,78.26
2012/10/28,78.92
2012/11/03,78.92
2012/11/04,79.90
2012/11/10,79.90
2012/11/11,79.82
2012/11/17,79.82
2012/11/18,80.05
2012/11/24,80.05
2012/11/25,79.99
2012/12/01,79.99
2012/12/02,81.76
2012/12/08,81.76
2012/12/09,82.15
2012/12/15,82.15
2012/12/16,82.32
2012/12/22,82.32
2012/12/23,82.96
2012/12/29,82.96
2012/12/30,84.10
2013/01/05,84.10
2013/01/06,85.58
2013/01/12,85.58
2013/01/13,87.65
2013/01/19,87.65
2013/01/20,88.04
2013/01/26,88.04
2013/01/27,89.11
2013/02/02,89.11
2013/02/03,89.29
2013/02/09,89.29
2013/02/10,91.19
2013/02/16,91.19
2013/02/17,93.16
2013/02/23,93.16
2013/02/24,93.39
2013/03/02,93.39
2013/03/03,93.65
2013/03/09,93.65
2013/03/10,92.75
2013/03/16,92.75
2013/03/17,93.83
2013/03/23,93.83
2013/03/24,96.10
2013/03/30,96.10
2013/03/31,95.26
2013/04/06,95.26
2013/04/07,94.34
2013/04/13,94.34
2013/04/14,94.22
2013/04/20,94.22
2013/04/21,99.24
2013/04/27,99.24
2013/04/28,98.02
2013/05/04,98.02
2013/05/05,99.32
2013/05/11,99.32
2013/05/12,97.46
2013/05/18,97.46
2013/05/19,99.42
2013/05/25,99.42
2013/05/26,102.00
2013/06/01,102.00
2013/06/02,102.67
2013/06/08,102.67
2013/06/09,101.44
2013/06/15,101.44
2013/06/16,99.26
2013/06/22,99.26
2013/06/23,96.44
2013/06/29,96.44
2013/06/30,95.84
2013/07/06,95.84
2013/07/07,98.18
2013/07/13,98.18
2013/07/14,99.99
2013/07/20,99.99
2013/07/21,100.25
2013/07/27,100.25
2013/07/28,99.96
2013/08/03,99.96
2013/08/04,99.71
2013/08/10,99.71
2013/08/11,98.37
2013/08/17,98.37
2013/08/18,97.55
2013/08/24,97.55
2013/08/25,97.47
2013/08/31,97.47
2013/09/01,98.00
2013/09/07,98.00
2013/09/08,98.03
2013/09/14,98.03
2013/09/15,99.47
2013/09/21,99.47
2013/09/22,99.80
2013/09/28,99.80
2013/09/29,99.06
2013/10/05,99.06
2013/10/06,98.82
2013/10/12,98.82
2013/10/13,97.81
2013/10/19,97.81
2013/10/20,97.44
2013/10/26,97.44
2013/10/27,98.48
2013/11/02,98.48
2013/11/03,97.70
2013/11/09,97.70
2013/11/10,97.95
2013/11/16,97.95
2013/11/17,98.47
2013/11/23,98.47
2013/11/24,99.59
2013/11/30,99.59
2013/12/01,100.38
2013/12/07,100.38
2013/12/08,101.80
2013/12/14,101.80
2013/12/15,102.48
2013/12/21,102.48
2013/12/22,103.10
2013/12/28,103.10
2013/12/29,103.56
2014/01/04,103.56
2014/01/05,104.42
2014/01/11,104.42
2014/01/12,105.30
2014/01/18,105.30
2014/01/19,104.77
2014/01/25,104.77
2014/01/26,104.14
2014/02/01,104.14
2014/02/02,104.17
2014/02/08,104.17
2014/02/09,102.73
2014/02/15,102.73
2014/02/16,101.74
2014/02/22,101.74
2014/02/23,102.44
2014/03/01,102.44
2014/03/02,102.10
2014/03/08,102.10
2014/03/09,102.29
2014/03/15,102.29
2014/03/16,102.14
2014/03/22,102.14
2014/03/23,102.80
2014/03/29,102.80
2014/03/30,101.74
2014/04/05,101.74
2014/04/06,102.19
2014/04/12,102.19
2014/04/13,103.54
2014/04/19,103.54
2014/04/20,102.32
2014/04/26,102.32
2014/04/27,101.99
2014/05/03,101.99
2014/05/04,102.55
2014/05/10,102.55
2014/05/11,102.33
2014/05/17,102.33
2014/05/18,101.70
2014/05/24,101.70
2014/05/25,101.94
2014/05/31,101.94
2014/06/01,101.44
2014/06/07,101.44
2014/06/08,101.84
2014/06/14,101.84
2014/06/15,102.38
2014/06/21,102.38
2014/06/22,102.21
2014/06/28,102.21
2014/06/29,101.95
2014/07/05,101.95
2014/07/06,101.82
2014/07/12,101.82
2014/07/13,101.67
2014/07/19,101.67
2014/07/20,101.68
2014/07/26,101.68
2014/07/27,101.52
2014/08/02,101.52
2014/08/03,101.55
2014/08/09,101.55
2014/08/10,102.31
2014/08/16,102.31
2014/08/17,102.42
2014/08/23,102.42
2014/08/24,102.36
2014/08/30,102.36
2014/08/31,103.14
2014/09/06,103.14
2014/09/07,103.91
2014/09/13,103.91
2014/09/14,104.85
2014/09/20,104.85
2014/09/21,106.33
2014/09/27,106.33
2014/09/28,107.95
2014/10/04,107.95
2014/10/05,108.85
2014/10/11,108.85
2014/10/12,109.28
2014/10/18,109.28
2014/10/19,108.59
2014/10/25,108.59
2014/10/26,106.71
2014/11/01,106.71
2014/11/02,107.23
2014/11/08,107.23
2014/11/09,108.73
2014/11/15,108.73
2014/11/16,114.29
2014/11/22,114.29
2014/11/23,115.28
2014/11/29,115.28
2014/11/30,117.40
2014/12/06,117.40
2014/12/07,117.87
2014/12/13,117.87
2014/12/14,119.28
2014/12/20,119.28
2014/12/21,119.70
2014/12/27,119.70
2014/12/28,118.20
2015/01/03,118.20
2015/01/04,120.11
2015/01/10,120.11
2015/01/11,120.48
2015/01/17,120.48
2015/01/18,119.56
2015/01/24,119.56
2015/01/25,117.39
2015/01/31,117.39
2015/02/01,117.88
2015/02/07,117.88
2015/02/08,117.97
2015/02/14,117.97
2015/02/15,117.45
2015/02/21,117.45
2015/02/22,119.17
2015/02/28,119.17
2015/03/01,118.77
2015/03/07,118.77
2015/03/08,119.00
2015/03/14,119.00
2015/03/15,119.81
2015/03/21,119.81
2015/03/22,121.35
2015/03/28,121.35
2015/03/29,121.07
2015/04/04,121.07
2015/04/05,119.60
2015/04/11,119.60
2015/04/12,119.72
2015/04/18,119.72
2015/04/19,119.92
2015/04/25,119.92
2015/04/26,119.53
2015/05/02,119.53
2015/05/03,119.50
2015/05/09,119.50
2015/05/10,119.05
2015/05/16,119.05
2015/05/17,119.63
2015/05/23,119.63
2015/05/24,119.62
2015/05/30,119.62
2015/05/31,120.51
2015/06/06,120.51
2015/06/07,122.76
2015/06/13,122.76
2015/06/14,124.37
2015/06/20,124.37
2015/06/21,124.13
2015/06/27,124.13
2015/06/28,123.32
2015/07/04,123.32
2015/07/05,123.59
2015/07/11,123.59
2015/07/12,122.89
2015/07/18,122.89
2015/07/19,121.94
2015/07/25,121.94
2015/07/26,123.54
2015/08/01,123.54
2015/08/02,124.06
2015/08/08,124.06
2015/08/09,123.69
2015/08/15,123.69
2015/08/16,124.39
2015/08/22,124.39
2015/08/23,124.62
2015/08/29,124.62
2015/08/30,124.08
2015/09/05,124.08
2015/09/06,120.24
2015/09/12,120.24
2015/09/13,120.60
2015/09/19,120.60
2015/09/20,119.94
2015/09/26,119.94
2015/09/27,120.41
2015/10/03,120.41
2015/10/04,120.27
2015/10/10,120.27
2015/10/11,120.03
2015/10/17,120.03
2015/10/18,120.08
2015/10/24,120.08
2015/10/25,119.37
2015/10/31,119.37
2015/11/01,119.91
2015/11/07,119.91
2015/11/08,120.77
2015/11/14,120.77
2015/11/15,121.22
2015/11/21,121.22
2015/11/22,122.95
2015/11/28,122.95
2015/11/29,123.10
2015/12/05,123.10
2015/12/06,122.61
2015/12/12,122.61
2015/12/13,122.95
2015/12/19,122.95
2015/12/20,122.59
2015/12/26,122.59
2015/12/27,121.78
2016/01/02,121.78
2016/01/03,120.89
2016/01/09,120.89
2016/01/10,120.42
2016/01/16,120.42
2016/01/17,118.77
2016/01/23,118.77
2016/01/24,117.89
2016/01/30,117.89
2016/01/31,117.38
2016/02/06,117.38
2016/02/07,118.90
2016/02/13,118.90
2016/02/14,119.27
2016/02/20,119.27
2016/02/21,114.91
2016/02/27,114.91
2016/02/28,113.79
2016/03/05,113.79
2016/03/06,112.41
2016/03/12,112.41
2016/03/13,113.51
2016/03/19,113.51
2016/03/20,113.14
2016/03/26,113.14
2016/03/27,113.04
2016/04/02,113.04
2016/04/03,112.54
2016/04/09,112.54
2016/04/10,112.91
2016/04/16,112.91
2016/04/17,110.15
2016/04/23,110.15
2016/04/24,108.79
2016/04/30,108.79
2016/05/01,109.08
2016/05/07,109.08
2016/05/08,111.31
2016/05/14,111.31
2016/05/15,106.88
2016/05/21,106.88
2016/05/22,108.40
2016/05/28,108.40
2016/05/29,109.49
2016/06/04,109.49
2016/06/05,109.77
2016/06/11,109.77
2016/06/12,110.12
2016/06/18,110.12
2016/06/19,107.09
2016/06/25,107.09
2016/06/26,105.54
2016/07/02,105.54
2016/07/03,103.88
2016/07/09,103.88
2016/07/10,102.50
2016/07/16,102.50
2016/07/17,101.51
2016/07/23,101.51
2016/07/24,103.56
2016/07/30,103.56
2016/07/31,106.25
2016/08/06,106.25
2016/08/07,104.97
2016/08/13,104.97
2016/08/14,101.75
2016/08/20,101.75
2016/08/21,102.00
2016/08/27,102.00
2016/08/28,100.45
2016/09/03,100.45
2016/09/04,100.43
2016/09/10,100.43
2016/09/11,102.70
2016/09/17,102.70
2016/09/18,102.56
2016/09/24,102.56
2016/09/25,102.41
2016/10/01,102.41
2016/10/02,101.57
2016/10/08,101.57
2016/10/09,100.93
2016/10/15,100.93
2016/10/16,102.70
2016/10/22,102.70
2016/10/23,103.98
2016/10/29,103.98
2016/10/30,103.91
2016/11/05,103.91
2016/11/06,104.51
2016/11/12,104.51
2016/11/13,104.13
2016/11/19,104.13
2016/11/20,104.68
2016/11/26,104.68
2016/11/27,108.83
2016/12/03,108.83
2016/12/04,111.96
2016/12/10,111.96
2016/12/11,112.93
2016/12/17,112.93
2016/12/18,113.92
2016/12/24,113.92
2016/12/25,116.34
2016/12/31,116.34
2017/01/01,117.51
2017/01/07,117.51
2017/01/08,117.12
2017/01/14,117.12
2017/01/15,116.74
2017/01/21,116.74
2017/01/22,115.51
2017/01/28,115.51
2017/01/29,114.20
2017/02/04,114.20
2017/02/05,113.70
2017/02/11,113.70
2017/02/12,113.30
2017/02/18,113.30
2017/02/19,112.54
2017/02/25,112.54
2017/02/26,113.84
2017/03/04,113.84
2017/03/05,113.23
2017/03/11,113.23
2017/03/12,113.19
2017/03/18,113.19
2017/03/19,114.22
2017/03/25,114.22
2017/03/26,114.27
2017/04/01,114.27
2017/04/02,111.76
2017/04/08,111.76
2017/04/09,111.12
2017/04/15,111.12
2017/04/16,110.70
2017/04/22,110.70
2017/04/23,109.94
2017/04/29,109.94
2017/04/30,108.83
2017/05/06,108.83
2017/05/07,110.77
2017/05/13,110.77
2017/05/14,111.73
2017/05/20,111.73
2017/05/21,113.63
2017/05/27,113.63
2017/05/28,112.39
2017/06/03,112.39
2017/06/04,111.51
2017/06/10,111.51
2017/06/11,111.16
2017/06/17,111.16
2017/06/18,110.02
2017/06/24,110.02
2017/06/25,110.20
2017/07/01,110.20
2017/07/02,111.32
2017/07/08,111.32
2017/07/09,111.92
2017/07/15,111.92
2017/07/16,113.13
2017/07/22,113.13
2017/07/23,113.69
2017/07/29,113.69
2017/07/30,112.01
2017/08/05,112.01
2017/08/06,111.21
2017/08/12,111.21
2017/08/13,110.48
2017/08/19,110.48
2017/08/20,110.35
2017/08/26,110.35
2017/08/27,109.92
2017/09/02,109.92
2017/09/03,109.40
2017/09/09,109.40
2017/09/10,109.67
2017/09/16,109.67
2017/09/17,109.01
2017/09/23,109.01
2017/09/24,109.73
2017/09/30,109.73
2017/10/01,111.92
2017/10/07,111.92
2017/10/08,112.41
2017/10/14,112.41
2017/10/15,112.81
2017/10/21,112.81
2017/10/22,112.40
2017/10/28,112.40
2017/10/29,112.51
2017/11/04,112.51
2017/11/05,113.80
2017/11/11,113.80
2017/11/12,113.70
2017/11/18,113.70
2017/11/19,113.86
2017/11/25,113.86
2017/11/26,113.35
2017/12/02,113.35
2017/12/03,112.10
2017/12/09,112.10
2017/12/10,111.69
2017/12/16,111.69
2017/12/17,112.68
2017/12/23,112.68
2017/12/24,113.12
2017/12/30,113.12
2017/12/31,112.99
2018/01/06,112.99
2018/01/07,113.18
2018/01/13,113.18
2018/01/14,112.75
2018/01/20,112.75
2018/01/21,111.99
2018/01/27,111.99
2018/01/28,110.83
2018/02/03,110.83
2018/02/04,110.11
2018/02/10,110.11
2018/02/11,109.01
2018/02/17,109.01
2018/02/18,109.26
2018/02/24,109.26
2018/02/25,107.03
2018/03/03,107.03
2018/03/04,106.97
2018/03/10,106.97
2018/03/11,106.73
2018/03/17,106.73
2018/03/18,106.07
2018/03/24,106.07
2018/03/25,106.27
2018/03/31,106.27
2018/04/01,105.64
2018/04/07,105.64
2018/04/08,105.77
2018/04/14,105.77
2018/04/15,106.57
2018/04/21,106.57
2018/04/22,106.98
2018/04/28,106.98
2018/04/29,107.29
2018/05/05,107.29
2018/05/06,108.89
2018/05/12,108.89
2018/05/13,109.57
2018/05/19,109.57
2018/05/20,109.33
2018/05/26,109.33
2018/05/27,110.11
2018/06/02,110.11
2018/06/03,110.30
2018/06/09,110.30
2018/06/10,108.92
2018/06/16,108.92
2018/06/17,109.83
2018/06/23,109.83
2018/06/24,110.30
2018/06/30,110.30
2018/07/01,110.26
2018/07/07,110.26
2018/07/08,109.90
2018/07/14,109.90
2018/07/15,110.69
2018/07/21,110.69
2018/07/22,111.47
2018/07/28,111.47
2018/07/29,112.67
2018/08/04,112.67
2018/08/05,111.06
2018/08/11,111.06
2018/08/12,111.46
2018/08/18,111.46
2018/08/19,111.15
2018/08/25,111.15
2018/08/26,110.82
2018/09/01,110.82
2018/09/02,110.57
2018/09/08,110.57
2018/09/09,111.28
2018/09/15,111.28
2018/09/16,111.07
2018/09/22,111.07
2018/09/23,111.48
2018/09/29,111.48
2018/09/30,112.30
2018/10/06,112.30
2018/10/07,113.04
2018/10/13,113.04
2018/10/14,113.99
2018/10/20,113.99
2018/10/21,112.59
2018/10/27,112.59
2018/10/28,112.21
2018/11/03,112.21
2018/11/04,112.40
2018/11/10,112.40
2018/11/11,112.73
2018/11/17,112.73
2018/11/18,113.52
2018/11/24,113.52
2018/11/25,113.74
2018/12/01,113.74
2018/12/02,112.79
2018/12/08,112.79
2018/12/09,113.45
2018/12/15,113.45
2018/12/16,113.13
2018/12/22,113.13
2018/12/23,113.23
2018/12/29,113.23
2018/12/30,112.43
2019/01/05,112.43
2019/01/06,110.64
2019/01/12,110.64
2019/01/13,107.63
2019/01/19,107.63
2019/01/20,108.49
2019/01/26,108.49
2019/01/27,108.80
2019/02/02,108.80
2019/02/03,109.61
2019/02/09,109.61
2019/02/10,109.14
2019/02/16,109.14
2019/02/17,109.79
2019/02/23,109.79
2019/02/24,110.61
2019/03/02,110.61
2019/03/03,110.70
2019/03/09,110.70
2019/03/10,110.95
2019/03/16,110.95
2019/03/17,111.76
2019/03/23,111.76
2019/03/24,111.39
2019/03/30,111.39
2019/03/31,111.29
2019/04/06,111.29
2019/04/07,110.31
2019/04/13,110.31
2019/04/14,111.43
2019/04/20,111.43
2019/04/21,111.36
2019/04/27,111.36
2019/04/28,111.97
2019/05/04,111.97
2019/05/05,111.88
2019/05/11,111.88
2019/05/12,111.88
2019/05/18,111.88
2019/05/19,110.13
2019/05/25,110.13
2019/05/26,109.68
2019/06/01,109.68
2019/06/02,110.15
2019/06/08,110.15
2019/06/09,109.43
2019/06/15,109.43
2019/06/16,108.22
2019/06/22,108.22
2019/06/23,108.45
2019/06/29,108.45
2019/06/30,108.05
2019/07/06,108.05
2019/07/07,107.50
2019/07/13,107.50
2019/07/14,107.98
2019/07/20,107.98
2019/07/21,108.56
2019/07/27,108.56
2019/07/28,107.83
2019/08/03,107.83
2019/08/04,108.20
2019/08/10,108.20
2019/08/11,108.43
2019/08/17,108.43
2019/08/18,105.97
2019/08/24,105.97
2019/08/25,105.97
2019/08/31,105.97
2019/09/01,106.48
2019/09/07,106.48
2019/09/08,105.85
2019/09/14,105.85
2019/09/15,106.38
2019/09/21,106.38
2019/09/22,107.65
2019/09/28,107.65
2019/09/29,108.13
2019/10/05,108.13
2019/10/06,107.55
2019/10/12,107.55
2019/10/13,107.58
2019/10/19,107.58
2019/10/20,107.32
2019/10/26,107.32
2019/10/27,108.61
2019/11/02,108.61
2019/11/03,108.55
2019/11/09,108.55
2019/11/10,108.68
2019/11/16,108.68
2019/11/17,108.97
2019/11/23,108.97
2019/11/24,108.90
2019/11/30,108.90
2019/12/01,108.59
2019/12/07,108.59
2019/12/08,109.16
2019/12/14,109.16
2019/12/15,109.00
2019/12/21,109.00
2019/12/22,108.81
2019/12/28,108.81
2019/12/29,109.47
2020/01/04,109.47
2020/01/05,109.45
2020/01/11,109.45
2020/01/12,109.12
2020/01/18,109.12
2020/01/19,108.61
2020/01/25,108.61
2020/01/26,110.04
2020/02/01,110.04
2020/02/02,109.86
2020/02/08,109.86
2020/02/09,108.99
2020/02/15,108.99
2020/02/16,109.27
2020/02/22,109.27
2020/02/23,109.81
2020/02/29,109.81
2020/03/01,110.57
2020/03/07,110.57
2020/03/08,110.24
2020/03/14,110.24
2020/03/15,107.38
2020/03/21,107.38
2020/03/22,103.89
2020/03/28,103.89
2020/03/29,107.42
2020/04/04,107.42
2020/04/05,110.18
2020/04/11,110.18
2020/04/12,107.88
2020/04/18,107.88
2020/04/19,108.85
2020/04/25,108.85
2020/04/26,107.74
2020/05/02,107.74
2020/05/03,107.80
2020/05/09,107.80
2020/05/10,107.14
2020/05/16,107.14
2020/05/17,106.33
2020/05/23,106.33
2020/05/24,107.19
2020/05/30,107.19
2020/05/31,107.59
2020/06/06,107.59
2020/06/07,107.59
2020/06/13,107.59
2020/06/14,108.42
2020/06/20,108.42
2020/06/21,107.76
2020/06/27,107.76
2020/06/28,107.12
2020/07/04,107.12
2020/07/05,106.96
2020/07/11,106.96
2020/07/12,107.52
2020/07/18,107.52
2020/07/19,107.37
2020/07/25,107.37
2020/07/26,107.11
2020/08/01,107.11
2020/08/02,107.19
2020/08/08,107.19
2020/08/09,105.14
2020/08/15,105.14
2020/08/16,105.81
2020/08/22,105.81
2020/08/23,106.60
2020/08/29,106.60
2020/08/30,105.85
2020/09/05,105.85
2020/09/06,106.16
2020/09/12,106.16
2020/09/13,105.93
2020/09/19,105.93
2020/09/20,106.17
2020/09/26,106.17
